id,job_name,status,payload,error,created_at
1,twilio_status,ok,"{""to"": ""whatsapp:+447448180196"", ""sid"": ""SM34792cd491d95fb81d66591b46c886d1"", ""from"": ""whatsapp:+447360543844"", ""status"": ""sent"", ""user_id"": 1, ""error_code"": null, ""error_message"": null}",,2026-02-20 15:47:30.812531
2,twilio_status,ok,"{""to"": ""whatsapp:+447448180196"", ""sid"": ""SM34792cd491d95fb81d66591b46c886d1"", ""from"": ""whatsapp:+447360543844"", ""status"": ""delivered"", ""user_id"": 1, ""error_code"": null, ""error_message"": null}",,2026-02-20 15:47:31.152382
3,twilio_status,ok,"{""to"": ""whatsapp:+447448180196"", ""sid"": ""SM34792cd491d95fb81d66591b46c886d1"", ""from"": ""whatsapp:+447360543844"", ""status"": ""read"", ""user_id"": 1, ""error_code"": null, ""error_message"": null}",,2026-02-20 15:47:32.143069
4,assessor_meta,ok,"{""action"": ""ask"", ""pillar"": ""nutrition"", ""concept"": ""fruit_veg"", ""confidence"": null}",,2026-02-20 15:48:20.101987
5,assessor_meta,ok,"{""action"": ""answer"", ""pillar"": ""nutrition"", ""concept"": ""fruit_veg"", ""confidence"": null}",,2026-02-20 15:48:21.036703
6,assessor_payload,ok,"{""pillar"": ""nutrition"", ""concept"": ""fruit_veg"", ""payload"": {""history"": [], ""retrieval"": [{""id"": 4, ""text"": ""Front-load fruit/veg into the first two meals; batch-cook to stay consistent."", ""type"": ""snippet"", ""score"": 0.023995001971521098, ""title"": ""Make it easy"", ""locale"": ""en-GB""}, {""id"": 3, ""text"": ""≥5 portions/day; mix colours for fibre and micronutrients."", ""type"": ""snippet"", ""score"": -0.002557273547754683, ""title"": ""Target & variety"", ""locale"": ""en-GB""}], ""turns_so_far"": 1, ""already_asked"": [""In the last 7 days, how many portions of fruit and vegetables did you *eat on average per day*? For reference: 1 portion = 1 apple or banana, 1 fist-sized serving of vegetables, or 1 handful of salad or berries.""], ""concept_focus"": ""fruit_veg"", ""last_user_reply"": ""3"", ""last_main_question"": ""In the last 7 days, how many portions of fruit and vegetables did you *eat on average per day*? For reference: 1 portion = 1 apple or banana, 1 fist-sized serving of vegetables, or 1 handful of salad or berries."", ""sufficient_for_scoring"": true}}",,2026-02-20 15:48:21.066811
7,assessor_llm_request,ok,"{""pillar"": ""nutrition"", ""concept"": ""fruit_veg"", ""user_len"": 2896, ""system_len"": 3257, ""range_bounds"": [0, 5], ""has_range_guide"": true, ""sufficient_for_scoring"": true}",,2026-02-20 15:48:21.092151
8,assessor_llm_response,ok,"{""type"": ""AIMessage"", ""pillar"": ""nutrition"", ""concept"": ""fruit_veg"", ""preview"": ""{\""action\"":\""finish\"",\""question\"":\""\"",\""level\"":\""Moderate\"",\""confidence\"":0.9,\""rationale\"":\""User reported a numeric value (3 portions/day) for the specified 7‑day average. Target is ≥5 portions/day; mapping linearly 0→0, 5→100 giv…"", ""content_len"": 442, ""duration_ms"": 9077, ""has_content"": true}",,2026-02-20 15:48:30.465969
9,assessor_llm_meta,ok,"{""why"": ""Numeric answer with explicit timeframe provided, so can be scored directly."", ""pillar"": ""nutrition"", ""status"": ""scorable"", ""concept"": ""fruit_veg"", ""missing"": [], ""parsed_value"": {""unit"": ""portions/day"", ""value"": 3, ""timeframe_ok"": true}}",,2026-02-20 15:48:30.476901
10,assessor_meta,ok,"{""action"": ""ask"", ""pillar"": ""nutrition"", ""concept"": ""hydration"", ""confidence"": 0.9}",,2026-02-20 15:48:30.571094
11,assessor_meta,ok,"{""action"": ""answer"", ""pillar"": ""nutrition"", ""concept"": ""hydration"", ""confidence"": null}",,2026-02-20 15:48:30.878768
12,assessor_payload,ok,"{""pillar"": ""nutrition"", ""concept"": ""hydration"", ""payload"": {""history"": [], ""retrieval"": [{""id"": 5, ""text"": ""Women: 2–3 L/day; Men: 3–4 L/day (more with heat/training). Pale-straw urine ≈ good hydration."", ""type"": ""snippet"", ""score"": 0.030870530076269564, ""title"": ""Daily target"", ""locale"": ""en-GB""}, {""id"": 6, ""text"": ""2–4 L/day = strong; spread intake through the day; pair sips with routine cues."", ""type"": ""snippet"", ""score"": 0.01967003318635229, ""title"": ""Scoring cue (0–6 L/day)"", ""locale"": ""en-GB""}], ""turns_so_far"": 2, ""already_asked"": [""Thinking about the last 7 days, how much water did you usually *drink per day*? For reference: 1 glass = 250ml, 1 small bottle = 500ml.""], ""concept_focus"": ""hydration"", ""last_user_reply"": ""2.5 L"", ""last_main_question"": ""Thinking about the last 7 days, how much water did you usually *drink per day*? For reference: 1 glass = 250ml, 1 small bottle = 500ml."", ""sufficient_for_scoring"": true}}",,2026-02-20 15:48:30.907283
13,assessor_llm_request,ok,"{""pillar"": ""nutrition"", ""concept"": ""hydration"", ""user_len"": 2791, ""system_len"": 3257, ""range_bounds"": [0, 4], ""has_range_guide"": true, ""sufficient_for_scoring"": true}",,2026-02-20 15:48:30.932335
14,assessor_llm_response,ok,"{""type"": ""AIMessage"", ""pillar"": ""nutrition"", ""concept"": ""hydration"", ""preview"": ""{\""action\"":\""finish\"",\""question\"":\""\"",\""level\"":\""Moderate\"",\""confidence\"":0.88,\""rationale\"":\""User reported a numeric daily amount (2.5 L) for the last 7 days. Using the provided scoring guide (0→0, 4+→100) I mapped intake linearly…"", ""content_len"": 533, ""duration_ms"": 11206, ""has_content"": true}",,2026-02-20 15:48:42.203364
15,assessor_llm_meta,ok,"{""why"": ""Reply gave a clear numeric daily volume within the requested 7‑day timeframe, so scoring is possible."", ""pillar"": ""nutrition"", ""status"": ""scorable"", ""concept"": ""hydration"", ""missing"": [], ""parsed_value"": {""unit"": ""L"", ""value"": 2.5, ""timeframe_ok"": true}}",,2026-02-20 15:48:42.214345
16,assessor_meta,ok,"{""action"": ""ask"", ""pillar"": ""nutrition"", ""concept"": ""processed_food"", ""confidence"": 0.88}",,2026-02-20 15:48:42.31016
17,assessor_meta,ok,"{""action"": ""answer"", ""pillar"": ""nutrition"", ""concept"": ""processed_food"", ""confidence"": null}",,2026-02-20 15:48:42.618184
18,assessor_payload,ok,"{""pillar"": ""nutrition"", ""concept"": ""processed_food"", ""payload"": {""history"": [], ""retrieval"": [{""id"": 7, ""text"": ""UPFs include crisps, sweets, pastries, ready meals, sugary drinks; count portions per day."", ""type"": ""snippet"", ""score"": 0.010323251001817477, ""title"": ""Definition & unit"", ""locale"": ""en-GB""}, {""id"": 8, ""text"": ""0/day = best, 0–1/day = good, 2–3/day = fair, ≥4/day = poor; use an 80/20 approach and reward gradual reduction."", ""type"": ""snippet"", ""score"": -0.0005064279835470274, ""title"": ""Scoring cue (reverse; 0–4+/day)"", ""locale"": ""en-GB""}], ""turns_so_far"": 3, ""already_asked"": [""In the last 7 days, how many portions of processed food did you *eat on average per day*? Examples: 1 portion = a chocolate bar, 1 can of fizzy drink, 1 handful of sweets, or a pastry.""], ""concept_focus"": ""processed_food"", ""last_user_reply"": ""2"", ""last_main_question"": ""In the last 7 days, how many portions of processed food did you *eat on average per day*? Examples: 1 portion = a chocolate bar, 1 can of fizzy drink, 1 handful of sweets, or a pastry."", ""sufficient_for_scoring"": true}}",,2026-02-20 15:48:42.648111
19,assessor_llm_request,ok,"{""pillar"": ""nutrition"", ""concept"": ""processed_food"", ""user_len"": 3030, ""system_len"": 3262, ""range_bounds"": [4, 0], ""has_range_guide"": true, ""sufficient_for_scoring"": true}",,2026-02-20 15:48:42.671983
20,assessor_llm_response,ok,"{""type"": ""AIMessage"", ""pillar"": ""nutrition"", ""concept"": ""processed_food"", ""preview"": ""{\""action\"":\""finish\"",\""question\"":\""\"",\""level\"":\""Moderate\"",\""confidence\"":0.90,\""rationale\"":\""User explicitly reported 2 portions per day (average over last 7 days). Using the provided linear mapping where 0→100 (best) and 4→0 (wor…"", ""content_len"": 521, ""duration_ms"": 11281, ""has_content"": true}",,2026-02-20 15:48:54.014244
21,assessor_llm_meta,ok,"{""why"": ""Reported numeric value (2 portions/day) with explicit 7-day timeframe; fits the scoring guide for processed food frequency."", ""pillar"": ""nutrition"", ""status"": ""scorable"", ""concept"": ""processed_food"", ""missing"": [], ""parsed_value"": {""unit"": ""portions/day"", ""value"": 2, ""timeframe_ok"": true}}",,2026-02-20 15:48:54.025632
22,assessor_meta,ok,"{""action"": ""ask"", ""pillar"": ""nutrition"", ""concept"": ""protein_intake"", ""confidence"": 0.9}",,2026-02-20 15:48:54.121764
23,assessor_meta,ok,"{""action"": ""answer"", ""pillar"": ""nutrition"", ""concept"": ""protein_intake"", ""confidence"": null}",,2026-02-20 15:48:54.429598
24,assessor_payload,ok,"{""pillar"": ""nutrition"", ""concept"": ""protein_intake"", ""payload"": {""history"": [], ""retrieval"": [{""id"": 2, ""text"": ""0–1/day = low, 2–3/day = fair, 3–4/day = good, 5/day = excellent; spread evenly across meals."", ""type"": ""snippet"", ""score"": -0.012085480110614121, ""title"": ""Scoring cue (0–5/day)"", ""locale"": ""en-GB""}, {""id"": 1, ""text"": ""Aim ~3–4 protein portions/day; 1 portion = palm of lean protein, 2 eggs, or 1 cup beans/lentils."", ""type"": ""snippet"", ""score"": -0.020697768875056533, ""title"": ""Portion baseline"", ""locale"": ""en-GB""}], ""turns_so_far"": 4, ""already_asked"": [""Thinking about the last 7 days, how many protein portions did you usually *eat on average per day*? For reference: 1 portion = palm-sized meat or fish, 2 eggs, 1 handful of nuts, or 1 cup of beans/lentils.""], ""concept_focus"": ""protein_intake"", ""last_user_reply"": ""3"", ""last_main_question"": ""Thinking about the last 7 days, how many protein portions did you usually *eat on average per day*? For reference: 1 portion = palm-sized meat or fish, 2 eggs, 1 handful of nuts, or 1 cup of beans/lentils."", ""sufficient_for_scoring"": true}}",,2026-02-20 15:48:54.457208
25,assessor_llm_request,ok,"{""pillar"": ""nutrition"", ""concept"": ""protein_intake"", ""user_len"": 2958, ""system_len"": 3262, ""range_bounds"": [0, 5], ""has_range_guide"": true, ""sufficient_for_scoring"": true}",,2026-02-20 15:48:54.480907
26,assessor_llm_response,ok,"{""type"": ""AIMessage"", ""pillar"": ""nutrition"", ""concept"": ""protein_intake"", ""preview"": ""{\n  \""action\"": \""finish\"",\n  \""question\"": \""\"",\n  \""level\"": \""Moderate\"",\n  \""confidence\"": 0.90,\n  \""rationale\"": \""User reported an explicit average of 3 protein portions/day over the last 7 days. Scoring maps linearly from 0→0 to 5…"", ""content_len"": 551, ""duration_ms"": 10172, ""has_content"": true}",,2026-02-20 15:49:04.716348
27,assessor_llm_meta,ok,"{""why"": ""Numeric answer (3) with explicit 7-day timeframe provided in the question, so it's sufficient to assign a score."", ""pillar"": ""nutrition"", ""status"": ""scorable"", ""concept"": ""protein_intake"", ""missing"": [], ""parsed_value"": {""unit"": ""portions/day"", ""value"": 3, ""timeframe_ok"": true}}",,2026-02-20 15:49:04.72729
28,okr_llm_call,ok,"{""mode"": ""legacy_text"", ""model"": ""gpt-5-mini"", ""pillar"": ""nutrition"", ""temperature_effective"": 1.0, ""temperature_requested"": 0.3}",,2026-02-20 15:49:04.812346
29,okr_llm_success,ok,"{""mode"": ""legacy_text"", ""model"": ""gpt-5-mini"", ""pillar"": ""nutrition"", ""has_text"": true, ""temperature_effective"": 1.0, ""temperature_requested"": 0.3}",,2026-02-20 15:49:24.556314
30,okr_llm_call,ok,"{""mode"": ""structured_json"", ""model"": ""gpt-5-mini"", ""pillar"": ""nutrition"", ""run_id"": 1, ""user_id"": 1, ""pillar_result_id"": 1, ""assess_session_id"": 1, ""temperature_effective"": 1.0, ""temperature_requested"": 0.2}",,2026-02-20 15:49:24.617397
31,okr_llm_success,ok,"{""mode"": ""structured_json"", ""model"": ""gpt-5-mini"", ""pillar"": ""nutrition"", ""run_id"": 1, ""user_id"": 1, ""kr_count"": 3, ""has_objective"": true, ""pillar_result_id"": 1, ""assess_session_id"": 1, ""temperature_effective"": 1.0, ""temperature_requested"": 0.2}",,2026-02-20 15:50:00.48679
32,assessor_meta,ok,"{""action"": ""ask"", ""pillar"": ""training"", ""concept"": ""cardio_frequency"", ""confidence"": null}",,2026-02-20 15:50:00.919926
33,assessor_meta,ok,"{""action"": ""answer"", ""pillar"": ""training"", ""concept"": ""cardio_frequency"", ""confidence"": null}",,2026-02-20 15:50:01.218255
34,assessor_payload,ok,"{""pillar"": ""training"", ""concept"": ""cardio_frequency"", ""payload"": {""history"": [], ""retrieval"": [{""id"": 9, ""text"": ""Do ≥20 min most days in Zone 2–3; include 1–2 sessions/week in Zone 4–5 for range."", ""type"": ""snippet"", ""score"": -0.03458996500917012, ""title"": ""Aerobic baseline"", ""locale"": ""en-GB""}, {""id"": 10, ""text"": ""0–1 days = low, 2–3 = fair, 4 = good, 5 = excellent; 150–300 min/week moderate (or 75–150 vigorous) is the weekly anchor."", ""type"": ""snippet"", ""score"": -0.03467705084004498, ""title"": ""Scoring cue (0–5 days/wk)"", ""locale"": ""en-GB""}], ""turns_so_far"": 2, ""already_asked"": [""In the last 7 days, on how many days did you do at least 20 minutes of cardio exercise, such as running, cycling, or swimming?""], ""concept_focus"": ""cardio_frequency"", ""last_user_reply"": ""3"", ""last_main_question"": ""In the last 7 days, on how many days did you do at least 20 minutes of cardio exercise, such as running, cycling, or swimming?"", ""sufficient_for_scoring"": true}}",,2026-02-20 15:50:01.247385
35,assessor_llm_request,ok,"{""pillar"": ""training"", ""concept"": ""cardio_frequency"", ""user_len"": 2821, ""system_len"": 3263, ""range_bounds"": [0, 3], ""has_range_guide"": true, ""sufficient_for_scoring"": true}",,2026-02-20 15:50:01.271807
36,assessor_llm_response,ok,"{""type"": ""AIMessage"", ""pillar"": ""training"", ""concept"": ""cardio_frequency"", ""preview"": ""{\""action\"":\""finish\"",\""question\"":\""\"",\""level\"":\""Moderate\"",\""confidence\"":0.9,\""rationale\"":\""User reported '3' days in the last 7 days (explicit numeric within timeframe). Scoring guide: 0→0, 3+→100, so 3 maps to full score.\"",\""scor…"", ""content_len"": 444, ""duration_ms"": 8746, ""has_content"": true}",,2026-02-20 15:50:10.080915
37,assessor_llm_meta,ok,"{""why"": ""Numeric answer given for the 7-day window; meets the concept's timeframe and minimum target."", ""pillar"": ""training"", ""status"": ""scorable"", ""concept"": ""cardio_frequency"", ""missing"": [], ""parsed_value"": {""unit"": ""days"", ""value"": 3, ""timeframe_ok"": true}}",,2026-02-20 15:50:10.092386
38,assessor_meta,ok,"{""action"": ""ask"", ""pillar"": ""training"", ""concept"": ""flexibility_mobility"", ""confidence"": 0.9}",,2026-02-20 15:50:10.187769
39,assessor_meta,ok,"{""action"": ""answer"", ""pillar"": ""training"", ""concept"": ""flexibility_mobility"", ""confidence"": null}",,2026-02-20 15:50:10.507967
40,assessor_payload,ok,"{""pillar"": ""training"", ""concept"": ""flexibility_mobility"", ""payload"": {""history"": [], ""retrieval"": [{""id"": 13, ""text"": ""≥10 minutes on ≥3 days/week; link to a fixed time (post-workout or pre-bed)."", ""type"": ""snippet"", ""score"": 0.005158132523351482, ""title"": ""Baseline habit"", ""locale"": ""en-GB""}, {""id"": 14, ""text"": ""Consistency beats one-off long sessions; more days at 10–15 min score higher."", ""type"": ""snippet"", ""score"": -0.03123485085707398, ""title"": ""Scoring cue (0–5 days/wk)"", ""locale"": ""en-GB""}], ""turns_so_far"": 3, ""already_asked"": [""In the last 7 days, on how many days did you do stretching, yoga, or mobility work for at least 10 minutes?""], ""concept_focus"": ""flexibility_mobility"", ""last_user_reply"": ""3 days"", ""last_main_question"": ""In the last 7 days, on how many days did you do stretching, yoga, or mobility work for at least 10 minutes?"", ""sufficient_for_scoring"": true}}",,2026-02-20 15:50:10.62206
41,assessor_llm_request,ok,"{""pillar"": ""training"", ""concept"": ""flexibility_mobility"", ""user_len"": 2745, ""system_len"": 3267, ""range_bounds"": [0, 4], ""has_range_guide"": true, ""sufficient_for_scoring"": true}",,2026-02-20 15:50:10.647273
42,assessor_llm_response,ok,"{""type"": ""AIMessage"", ""pillar"": ""training"", ""concept"": ""flexibility_mobility"", ""preview"": ""{\""action\"":\""finish\"",\""question\"":\""\"",\""level\"":\""Moderate\"",\""confidence\"":0.9,\""rationale\"":\""User reported doing mobility/stretching for at least 10 min on 3 of the last 7 days. Using the scoring guide (0→0, 4+→100, linear), 3 days…"", ""content_len"": 541, ""duration_ms"": 12970, ""has_content"": true}",,2026-02-20 15:50:23.681319
43,assessor_llm_meta,ok,"{""why"": ""Numeric answer with explicit 7-day timeframe provided, so sufficient to score."", ""pillar"": ""training"", ""status"": ""scorable"", ""concept"": ""flexibility_mobility"", ""missing"": [], ""parsed_value"": {""unit"": ""days"", ""value"": 3, ""timeframe_ok"": true}}",,2026-02-20 15:50:23.692878
44,assessor_meta,ok,"{""action"": ""ask"", ""pillar"": ""training"", ""concept"": ""strength_training"", ""confidence"": 0.9}",,2026-02-20 15:50:23.792082
45,assessor_meta,ok,"{""action"": ""answer"", ""pillar"": ""training"", ""concept"": ""strength_training"", ""confidence"": null}",,2026-02-20 15:50:24.099768
46,assessor_payload,ok,"{""pillar"": ""training"", ""concept"": ""strength_training"", ""payload"": {""history"": [], ""retrieval"": [{""id"": 11, ""text"": ""2–3 full-body sessions/week; cover push, pull, squat, hinge, carry, core."", ""type"": ""snippet"", ""score"": 0.03752061012580146, ""title"": ""Dose & structure"", ""locale"": ""en-GB""}, {""id"": 12, ""text"": ""1 = low, 2 = fair, 3 = good, 4 = excellent if recovery (sleep/energy/soreness) is solid."", ""type"": ""snippet"", ""score"": 0.028694635723678582, ""title"": ""Scoring cue (0–4 sessions/wk)"", ""locale"": ""en-GB""}], ""turns_so_far"": 4, ""already_asked"": [""In the last 7 days, how many strength training sessions did you do, such as weights, bodyweight exercises, or resistance bands?""], ""concept_focus"": ""strength_training"", ""last_user_reply"": ""2"", ""last_main_question"": ""In the last 7 days, how many strength training sessions did you do, such as weights, bodyweight exercises, or resistance bands?"", ""sufficient_for_scoring"": true}}",,2026-02-20 15:50:24.125897
47,assessor_llm_request,ok,"{""pillar"": ""training"", ""concept"": ""strength_training"", ""user_len"": 2787, ""system_len"": 3264, ""range_bounds"": [0, 4], ""has_range_guide"": true, ""sufficient_for_scoring"": true}",,2026-02-20 15:50:24.14891
48,assessor_llm_response,ok,"{""type"": ""AIMessage"", ""pillar"": ""training"", ""concept"": ""strength_training"", ""preview"": ""{\""action\"":\""finish\"",\""question\"":\""\"",\""level\"":\""Moderate\"",\""confidence\"":0.85,\""rationale\"":\""User reported 2 strength-training sessions in the last 7 days. Using the provided scoring guide (0→0, 4→100, linear), 2 sessions maps to …"", ""content_len"": 523, ""duration_ms"": 10764, ""has_content"": true}",,2026-02-20 15:50:34.979225
49,assessor_llm_meta,ok,"{""why"": ""Numeric answer within the 7-day timeframe allows direct scoring per the range guide."", ""pillar"": ""training"", ""status"": ""scorable"", ""concept"": ""strength_training"", ""missing"": [], ""parsed_value"": {""unit"": ""sessions"", ""value"": 2, ""timeframe_ok"": true}}",,2026-02-20 15:50:34.9914
50,okr_llm_call,ok,"{""mode"": ""legacy_text"", ""model"": ""gpt-5-mini"", ""pillar"": ""training"", ""temperature_effective"": 1.0, ""temperature_requested"": 0.3}",,2026-02-20 15:50:35.067235
51,okr_llm_success,ok,"{""mode"": ""legacy_text"", ""model"": ""gpt-5-mini"", ""pillar"": ""training"", ""has_text"": true, ""temperature_effective"": 1.0, ""temperature_requested"": 0.3}",,2026-02-20 15:50:58.187404
52,okr_llm_call,ok,"{""mode"": ""structured_json"", ""model"": ""gpt-5-mini"", ""pillar"": ""training"", ""run_id"": 1, ""user_id"": 1, ""pillar_result_id"": 2, ""assess_session_id"": 1, ""temperature_effective"": 1.0, ""temperature_requested"": 0.2}",,2026-02-20 15:50:58.257462
53,okr_llm_success,ok,"{""mode"": ""structured_json"", ""model"": ""gpt-5-mini"", ""pillar"": ""training"", ""run_id"": 1, ""user_id"": 1, ""kr_count"": 2, ""has_objective"": true, ""pillar_result_id"": 2, ""assess_session_id"": 1, ""temperature_effective"": 1.0, ""temperature_requested"": 0.2}",,2026-02-20 15:51:40.299864
54,assessor_meta,ok,"{""action"": ""ask"", ""pillar"": ""resilience"", ""concept"": ""emotional_regulation"", ""confidence"": null}",,2026-02-20 15:51:40.440187
55,assessor_meta,ok,"{""action"": ""answer"", ""pillar"": ""resilience"", ""concept"": ""emotional_regulation"", ""confidence"": null}",,2026-02-20 15:51:40.754551
56,assessor_payload,ok,"{""pillar"": ""resilience"", ""concept"": ""emotional_regulation"", ""payload"": {""history"": [], ""retrieval"": [{""id"": 16, ""text"": ""Reward intentional regulation efforts and consistency, not the absence of difficult emotion."", ""type"": ""snippet"", ""score"": 0.024792910954183518, ""title"": ""Scoring cue (0–7 days/wk)"", ""locale"": ""en-GB""}, {""id"": 15, ""text"": ""Take 5–10 min walks or mindful breaks; use 2–3 presence prompts/day (breath, posture, body scan)."", ""type"": ""snippet"", ""score"": 0.0200767243934761, ""title"": ""Micro-resets"", ""locale"": ""en-GB""}], ""turns_so_far"": 1, ""already_asked"": [""In the past 7 days, on how many days did you feel calm and in control of your emotions for most of the day?""], ""concept_focus"": ""emotional_regulation"", ""last_user_reply"": ""four days"", ""last_main_question"": ""In the past 7 days, on how many days did you feel calm and in control of your emotions for most of the day?"", ""sufficient_for_scoring"": true}}",,2026-02-20 15:51:40.782097
57,assessor_llm_request,ok,"{""pillar"": ""resilience"", ""concept"": ""emotional_regulation"", ""user_len"": 2780, ""system_len"": 3269, ""range_bounds"": [0, 7], ""has_range_guide"": true, ""sufficient_for_scoring"": true}",,2026-02-20 15:51:40.809399
58,assessor_llm_response,ok,"{""type"": ""AIMessage"", ""pillar"": ""resilience"", ""concept"": ""emotional_regulation"", ""preview"": ""{\n  \""action\"": \""finish\"",\n  \""question\"": \""\"",\n  \""level\"": \""Moderate\"",\n  \""confidence\"": 0.9,\n  \""rationale\"": \""User replied 'four days' for the past 7 days. Using a linear mapping where 0→0 and 7→100, 4/7 ≈ 57.\"",\n  \""scores\"": {\n  …"", ""content_len"": 506, ""duration_ms"": 8476, ""has_content"": true}",,2026-02-20 15:51:49.350652
59,assessor_llm_meta,ok,"{""why"": ""The reply contains a clear numeric count within the 7-day timeframe, so scoring is possible without a clarifier."", ""pillar"": ""resilience"", ""status"": ""scorable"", ""concept"": ""emotional_regulation"", ""missing"": [], ""parsed_value"": {""unit"": ""days"", ""value"": 4, ""timeframe_ok"": true}}",,2026-02-20 15:51:49.361703
60,assessor_meta,ok,"{""action"": ""ask"", ""pillar"": ""resilience"", ""concept"": ""optimism_perspective"", ""confidence"": 0.9}",,2026-02-20 15:51:49.459262
61,assessor_meta,ok,"{""action"": ""answer"", ""pillar"": ""resilience"", ""concept"": ""optimism_perspective"", ""confidence"": null}",,2026-02-20 15:51:49.815702
62,assessor_payload,ok,"{""pillar"": ""resilience"", ""concept"": ""optimism_perspective"", ""payload"": {""history"": [], ""retrieval"": [{""id"": 21, ""text"": ""Widen the view: ask what else could be true; track one small win daily."", ""type"": ""snippet"", ""score"": -0.007949586586182533, ""title"": ""Reframe & evidence"", ""locale"": ""en-GB""}, {""id"": 22, ""text"": ""Regular practice of reframing/perspective-taking increases the score."", ""type"": ""snippet"", ""score"": -0.02408085626334235, ""title"": ""Scoring cue (0–7 days/wk)"", ""locale"": ""en-GB""}], ""turns_so_far"": 2, ""already_asked"": [""In the past 7 days, on how many days did you feel able to stay positive and keep things in perspective when challenges arose?""], ""concept_focus"": ""optimism_perspective"", ""last_user_reply"": ""4 days"", ""last_main_question"": ""In the past 7 days, on how many days did you feel able to stay positive and keep things in perspective when challenges arose?"", ""sufficient_for_scoring"": true}}",,2026-02-20 15:51:49.842294
63,assessor_llm_request,ok,"{""pillar"": ""resilience"", ""concept"": ""optimism_perspective"", ""user_len"": 2773, ""system_len"": 3269, ""range_bounds"": [0, 7], ""has_range_guide"": true, ""sufficient_for_scoring"": true}",,2026-02-20 15:51:49.866565
64,assessor_llm_response,ok,"{""type"": ""AIMessage"", ""pillar"": ""resilience"", ""concept"": ""optimism_perspective"", ""preview"": ""{\n  \""action\"": \""finish\"",\n  \""question\"": \""\"",\n  \""level\"": \""Moderate\"",\n  \""confidence\"": 0.90,\n  \""rationale\"": \""User reported a numeric count ('4 days') for a 7-day window. Using the provided scoring guide (0→0, 7→100) I mapped l…"", ""content_len"": 541, ""duration_ms"": 7292, ""has_content"": true}",,2026-02-20 15:51:57.220047
65,assessor_llm_meta,ok,"{""why"": ""Reported 4 of 7 days feeling able to stay positive/perspective—mid-range adherence, so a moderate score."", ""pillar"": ""resilience"", ""status"": ""scorable"", ""concept"": ""optimism_perspective"", ""missing"": [], ""parsed_value"": {""unit"": ""days"", ""value"": 4, ""timeframe_ok"": true}}",,2026-02-20 15:51:57.23075
66,assessor_meta,ok,"{""action"": ""ask"", ""pillar"": ""resilience"", ""concept"": ""positive_connection"", ""confidence"": 0.9}",,2026-02-20 15:51:57.327702
67,assessor_meta,ok,"{""action"": ""answer"", ""pillar"": ""resilience"", ""concept"": ""positive_connection"", ""confidence"": null}",,2026-02-20 15:51:57.731519
68,assessor_payload,ok,"{""pillar"": ""resilience"", ""concept"": ""positive_connection"", ""payload"": {""history"": [], ""retrieval"": [{""id"": 18, ""text"": ""Intentional engagement and gratitude both improve scores; more days = higher."", ""type"": ""snippet"", ""score"": -0.01119576003088332, ""title"": ""Scoring cue (0–7 days/wk)"", ""locale"": ""en-GB""}, {""id"": 17, ""text"": ""Note 2–3 gratitudes/day; brief check-ins (message/call) count as positive connection."", ""type"": ""snippet"", ""score"": -0.021244939051517704, ""title"": ""Gratitude & contact"", ""locale"": ""en-GB""}], ""turns_so_far"": 3, ""already_asked"": [""In the past 7 days, on how many days did you do something that made you feel genuinely good — either by taking time for yourself or connecting with someone you enjoy spending time with?""], ""concept_focus"": ""positive_connection"", ""last_user_reply"": ""four days"", ""last_main_question"": ""In the past 7 days, on how many days did you do something that made you feel genuinely good — either by taking time for yourself or connecting with someone you enjoy spending time with?"", ""sufficient_for_scoring"": true}}",,2026-02-20 15:51:57.757052
69,assessor_llm_request,ok,"{""pillar"": ""resilience"", ""concept"": ""positive_connection"", ""user_len"": 2917, ""system_len"": 3268, ""range_bounds"": [0, 7], ""has_range_guide"": true, ""sufficient_for_scoring"": true}",,2026-02-20 15:51:57.780509
70,assessor_llm_response,ok,"{""type"": ""AIMessage"", ""pillar"": ""resilience"", ""concept"": ""positive_connection"", ""preview"": ""{\""action\"":\""finish\"",\""question\"":\""\"",\""level\"":\""Moderate\"",\""confidence\"":0.85,\""rationale\"":\""User explicitly reported a numeric count ('four days') within the 7‑day window, which maps directly to the 0–7 scoring guide (higher = be…"", ""content_len"": 445, ""duration_ms"": 8151, ""has_content"": true}",,2026-02-20 15:52:05.99591
71,assessor_llm_meta,ok,"{""why"": ""Reply gave a clear numeric answer for the past 7 days, so scoring is possible."", ""pillar"": ""resilience"", ""status"": ""scorable"", ""concept"": ""positive_connection"", ""missing"": [], ""parsed_value"": {""unit"": ""days"", ""value"": 4, ""timeframe_ok"": true}}",,2026-02-20 15:52:06.006661
72,assessor_meta,ok,"{""action"": ""ask"", ""pillar"": ""resilience"", ""concept"": ""stress_recovery"", ""confidence"": 0.85}",,2026-02-20 15:52:06.105363
73,assessor_meta,ok,"{""action"": ""answer"", ""pillar"": ""resilience"", ""concept"": ""stress_recovery"", ""confidence"": null}",,2026-02-20 15:52:06.418177
74,assessor_payload,ok,"{""pillar"": ""resilience"", ""concept"": ""stress_recovery"", ""payload"": {""history"": [], ""retrieval"": [{""id"": 19, ""text"": ""Use journaling and reach out to supports to reduce overload; short resets beat avoidance."", ""type"": ""snippet"", ""score"": -0.019497735498685668, ""title"": ""Active coping"", ""locale"": ""en-GB""}, {""id"": 20, ""text"": ""Consistent use of a coping strategy scores higher than infrequent, long sessions."", ""type"": ""snippet"", ""score"": -0.027306533998857564, ""title"": ""Scoring cue (0–7 days/wk)"", ""locale"": ""en-GB""}], ""turns_so_far"": 4, ""already_asked"": [""In the past 7 days, on how many days did you take a short break to relax, breathe deeply, or reset when you felt stressed or tired?""], ""concept_focus"": ""stress_recovery"", ""last_user_reply"": ""four days"", ""last_main_question"": ""In the past 7 days, on how many days did you take a short break to relax, breathe deeply, or reset when you felt stressed or tired?"", ""sufficient_for_scoring"": true}}",,2026-02-20 15:52:06.444048
75,assessor_llm_request,ok,"{""pillar"": ""resilience"", ""concept"": ""stress_recovery"", ""user_len"": 2804, ""system_len"": 3264, ""range_bounds"": [0, 7], ""has_range_guide"": true, ""sufficient_for_scoring"": true}",,2026-02-20 15:52:06.46753
76,assessor_llm_response,ok,"{""type"": ""AIMessage"", ""pillar"": ""resilience"", ""concept"": ""stress_recovery"", ""preview"": ""{\""action\"":\""finish\"",\""question\"":\""\"",\""level\"":\""Moderate\"",\""confidence\"":0.9,\""rationale\"":\""User reported 'four days' in the past 7 days. Parsed as 4/7 days; scoring maps linearly from 0→0 to 7→100 (higher is better for recovery b…"", ""content_len"": 436, ""duration_ms"": 9042, ""has_content"": true}",,2026-02-20 15:52:15.570847
77,assessor_llm_meta,ok,"{""why"": ""User gave a clear count within the 7-day window, so scoring is possible."", ""pillar"": ""resilience"", ""status"": ""scorable"", ""concept"": ""stress_recovery"", ""missing"": [], ""parsed_value"": {""unit"": ""days"", ""value"": 4, ""timeframe_ok"": true}}",,2026-02-20 15:52:15.581619
78,assessor_meta,ok,"{""action"": ""ask"", ""pillar"": ""resilience"", ""concept"": ""support_openness"", ""confidence"": 0.9}",,2026-02-20 15:52:15.678186
79,assessor_meta,ok,"{""action"": ""answer"", ""pillar"": ""resilience"", ""concept"": ""support_openness"", ""confidence"": null}",,2026-02-20 15:52:15.991019
80,assessor_payload,ok,"{""pillar"": ""resilience"", ""concept"": ""support_openness"", ""payload"": {""history"": [], ""retrieval"": [{""id"": 23, ""text"": ""Share goals/challenges before they build; make specific asks or check-ins."", ""type"": ""snippet"", ""score"": -0.00797743424155438, ""title"": ""Ask early & specifically"", ""locale"": ""en-GB""}, {""id"": 24, ""text"": ""Willingness to request or accept support earlier and more consistently scores higher."", ""type"": ""snippet"", ""score"": -0.015293380038244502, ""title"": ""Scoring cue (0–7 days/wk)"", ""locale"": ""en-GB""}], ""turns_so_far"": 5, ""already_asked"": [""In the past 7 days, on how many days did you actively connect with others to discuss your goals, progress, or challenges?""], ""concept_focus"": ""support_openness"", ""last_user_reply"": ""four days"", ""last_main_question"": ""In the past 7 days, on how many days did you actively connect with others to discuss your goals, progress, or challenges?"", ""sufficient_for_scoring"": true}}",,2026-02-20 15:52:16.017987
81,assessor_llm_request,ok,"{""pillar"": ""resilience"", ""concept"": ""support_openness"", ""user_len"": 2785, ""system_len"": 3265, ""range_bounds"": [0, 7], ""has_range_guide"": true, ""sufficient_for_scoring"": true}",,2026-02-20 15:52:16.042678
82,assessor_llm_response,ok,"{""type"": ""AIMessage"", ""pillar"": ""resilience"", ""concept"": ""support_openness"", ""preview"": ""{\""action\"":\""finish\"",\""question\"":\""\"",\""level\"":\""Moderate\"",\""confidence\"":0.90,\""rationale\"":\""User reported connecting on four of the past 7 days. Using the provided linear mapping (0→0, 7→100), 4/7 maps to ~57.\"",\""scores\"":{\""support…"", ""content_len"": 392, ""duration_ms"": 9381, ""has_content"": true}",,2026-02-20 15:52:25.521313
83,assessor_llm_meta,ok,"{""why"": ""Explicit numeric answer given for the 7-day timeframe."", ""pillar"": ""resilience"", ""status"": ""scorable"", ""concept"": ""support_openness"", ""missing"": [], ""parsed_value"": {""unit"": ""days"", ""value"": 4, ""timeframe_ok"": true}}",,2026-02-20 15:52:25.53348
84,okr_llm_call,ok,"{""mode"": ""legacy_text"", ""model"": ""gpt-5-mini"", ""pillar"": ""resilience"", ""temperature_effective"": 1.0, ""temperature_requested"": 0.3}",,2026-02-20 15:52:25.625611
85,okr_llm_success,ok,"{""mode"": ""legacy_text"", ""model"": ""gpt-5-mini"", ""pillar"": ""resilience"", ""has_text"": true, ""temperature_effective"": 1.0, ""temperature_requested"": 0.3}",,2026-02-20 15:52:39.371944
86,okr_llm_call,ok,"{""mode"": ""structured_json"", ""model"": ""gpt-5-mini"", ""pillar"": ""resilience"", ""run_id"": 1, ""user_id"": 1, ""pillar_result_id"": 3, ""assess_session_id"": 1, ""temperature_effective"": 1.0, ""temperature_requested"": 0.2}",,2026-02-20 15:52:39.430011
87,okr_llm_success,ok,"{""mode"": ""structured_json"", ""model"": ""gpt-5-mini"", ""pillar"": ""resilience"", ""run_id"": 1, ""user_id"": 1, ""kr_count"": 3, ""has_objective"": true, ""pillar_result_id"": 3, ""assess_session_id"": 1, ""temperature_effective"": 1.0, ""temperature_requested"": 0.2}",,2026-02-20 15:52:59.821566
88,assessor_meta,ok,"{""action"": ""ask"", ""pillar"": ""recovery"", ""concept"": ""bedtime_consistency"", ""confidence"": null}",,2026-02-20 15:52:59.941853
89,assessor_meta,ok,"{""action"": ""answer"", ""pillar"": ""recovery"", ""concept"": ""bedtime_consistency"", ""confidence"": null}",,2026-02-20 15:53:00.258554
90,assessor_payload,ok,"{""pillar"": ""recovery"", ""concept"": ""bedtime_consistency"", ""payload"": {""history"": [], ""retrieval"": [{""id"": 29, ""text"": ""Keep sleep/wake within ±60 min to support circadian rhythm."", ""type"": ""snippet"", ""score"": 0.029356480577119384, ""title"": ""Circadian window"", ""locale"": ""en-GB""}, {""id"": 30, ""text"": ""Reward stabilising a regular schedule over rigid perfection; consistency > total hours for circadian alignment."", ""type"": ""snippet"", ""score"": 0.02864513720688978, ""title"": ""Scoring cue (0–7 nights/wk)"", ""locale"": ""en-GB""}], ""turns_so_far"": 1, ""already_asked"": [""In the last 7 days, on how many nights did you go to bed at roughly the same time?""], ""concept_focus"": ""bedtime_consistency"", ""last_user_reply"": ""4"", ""last_main_question"": ""In the last 7 days, on how many nights did you go to bed at roughly the same time?"", ""sufficient_for_scoring"": true}}",,2026-02-20 15:53:00.285717
91,assessor_llm_request,ok,"{""pillar"": ""recovery"", ""concept"": ""bedtime_consistency"", ""user_len"": 2708, ""system_len"": 3266, ""range_bounds"": [0, 7], ""has_range_guide"": true, ""sufficient_for_scoring"": true}",,2026-02-20 15:53:00.309953
92,assessor_llm_response,ok,"{""type"": ""AIMessage"", ""pillar"": ""recovery"", ""concept"": ""bedtime_consistency"", ""preview"": ""{\""action\"":\""finish\"",\""question\"":\""\"",\""level\"":\""Moderate\"",\""confidence\"":0.90,\""rationale\"":\""User reported 4 nights out of the past 7 with a consistent bedtime. Using the provided scoring guide (0→0, 7→100) mapped linearly to 0–10…"", ""content_len"": 466, ""duration_ms"": 11139, ""has_content"": true}",,2026-02-20 15:53:11.510517
93,assessor_llm_meta,ok,"{""why"": ""Reply gave a numeric count for the 7‑day window, so scoring is possible and straightforward."", ""pillar"": ""recovery"", ""status"": ""scorable"", ""concept"": ""bedtime_consistency"", ""missing"": [], ""parsed_value"": {""unit"": ""nights_per_week"", ""value"": 4, ""timeframe_ok"": true}}",,2026-02-20 15:53:11.52273
94,assessor_meta,ok,"{""action"": ""ask"", ""pillar"": ""recovery"", ""concept"": ""sleep_duration"", ""confidence"": 0.9}",,2026-02-20 15:53:11.705367
95,assessor_meta,ok,"{""action"": ""answer"", ""pillar"": ""recovery"", ""concept"": ""sleep_duration"", ""confidence"": null}",,2026-02-20 15:53:12.022113
96,assessor_payload,ok,"{""pillar"": ""recovery"", ""concept"": ""sleep_duration"", ""payload"": {""history"": [], ""retrieval"": [{""id"": 25, ""text"": ""Most adults benefit from 7–9 h/night; keep a consistent wake time."", ""type"": ""snippet"", ""score"": 0.014731520458383971, ""title"": ""Hours & anchor"", ""locale"": ""en-GB""}, {""id"": 26, ""text"": ""More nights at ≥7 h score higher; if fatigued, go to bed earlier rather than sleeping in."", ""type"": ""snippet"", ""score"": -0.009325777749128485, ""title"": ""Scoring cue (0–7 nights/wk)"", ""locale"": ""en-GB""}], ""turns_so_far"": 2, ""already_asked"": [""In the last 7 days, on how many nights did you sleep for 7 or more hours?""], ""concept_focus"": ""sleep_duration"", ""last_user_reply"": ""4 days"", ""last_main_question"": ""In the last 7 days, on how many nights did you sleep for 7 or more hours?"", ""sufficient_for_scoring"": true}}",,2026-02-20 15:53:12.048274
97,assessor_llm_request,ok,"{""pillar"": ""recovery"", ""concept"": ""sleep_duration"", ""user_len"": 2670, ""system_len"": 3261, ""range_bounds"": [0, 7], ""has_range_guide"": true, ""sufficient_for_scoring"": true}",,2026-02-20 15:53:12.072845
98,assessor_llm_response,ok,"{""type"": ""AIMessage"", ""pillar"": ""recovery"", ""concept"": ""sleep_duration"", ""preview"": ""{\""action\"":\""finish\"",\""question\"":\""\"",\""level\"":\""Moderate\"",\""confidence\"":0.90,\""rationale\"":\""User explicitly reported 4 nights out of the 7‑day timeframe. Scoring is linear with 7 nights = 100 (higher is better); 4/7 ≈ 57.\"",\""score…"", ""content_len"": 431, ""duration_ms"": 9825, ""has_content"": true}",,2026-02-20 15:53:21.960387
99,assessor_llm_meta,ok,"{""why"": ""Clear numeric answer matching the asked 7‑day window, so scoring can be assigned."", ""pillar"": ""recovery"", ""status"": ""scorable"", ""concept"": ""sleep_duration"", ""missing"": [], ""parsed_value"": {""unit"": ""nights"", ""value"": 4, ""timeframe_ok"": true}}",,2026-02-20 15:53:21.971914
100,assessor_meta,ok,"{""action"": ""ask"", ""pillar"": ""recovery"", ""concept"": ""sleep_quality"", ""confidence"": 0.9}",,2026-02-20 15:53:22.13258
101,assessor_meta,ok,"{""action"": ""answer"", ""pillar"": ""recovery"", ""concept"": ""sleep_quality"", ""confidence"": null}",,2026-02-20 15:53:22.448911
102,assessor_payload,ok,"{""pillar"": ""recovery"", ""concept"": ""sleep_quality"", ""payload"": {""history"": [], ""retrieval"": [{""id"": 27, ""text"": ""Dim lights, quiet time, breathing/reading; avoid screens ≥60 min before bed."", ""type"": ""snippet"", ""score"": -0.020048391964943967, ""title"": ""Wind-down routine"", ""locale"": ""en-GB""}, {""id"": 28, ""text"": ""Improvement = faster sleep onset, deeper rest, fewer night wakes; more mornings feeling refreshed score higher."", ""type"": ""snippet"", ""score"": -0.033039264990924244, ""title"": ""Scoring cue (0–7 mornings/wk)"", ""locale"": ""en-GB""}], ""turns_so_far"": 3, ""already_asked"": [""In the last 7 days, on how many mornings did you wake up feeling rested and refreshed?""], ""concept_focus"": ""sleep_quality"", ""last_user_reply"": ""4"", ""last_main_question"": ""In the last 7 days, on how many mornings did you wake up feeling rested and refreshed?"", ""sufficient_for_scoring"": true}}",,2026-02-20 15:53:22.475022
103,assessor_llm_request,ok,"{""pillar"": ""recovery"", ""concept"": ""sleep_quality"", ""user_len"": 2727, ""system_len"": 3260, ""range_bounds"": [0, 7], ""has_range_guide"": true, ""sufficient_for_scoring"": true}",,2026-02-20 15:53:22.500286
104,assessor_llm_response,ok,"{""type"": ""AIMessage"", ""pillar"": ""recovery"", ""concept"": ""sleep_quality"", ""preview"": ""{\""action\"":\""finish\"",\""question\"":\""\"",\""level\"":\""Moderate\"",\""confidence\"":0.90,\""rationale\"":\""User reported 4 mornings feeling rested in the last 7 days. Using the linear scale where 0→0 and 7→100, 4/7 ≈ 57%.\"",\""scores\"":{\""sleep_qual…"", ""content_len"": 417, ""duration_ms"": 7807, ""has_content"": true}",,2026-02-20 15:53:30.475215
105,assessor_llm_meta,ok,"{""why"": ""Numeric reply (4) with explicit 7‑day timeframe allows direct scoring."", ""pillar"": ""recovery"", ""status"": ""scorable"", ""concept"": ""sleep_quality"", ""missing"": [], ""parsed_value"": {""unit"": ""mornings per 7 days"", ""value"": 4, ""timeframe_ok"": true}}",,2026-02-20 15:53:30.486073
106,okr_llm_call,ok,"{""mode"": ""legacy_text"", ""model"": ""gpt-5-mini"", ""pillar"": ""recovery"", ""temperature_effective"": 1.0, ""temperature_requested"": 0.3}",,2026-02-20 15:53:30.563541
107,okr_llm_success,ok,"{""mode"": ""legacy_text"", ""model"": ""gpt-5-mini"", ""pillar"": ""recovery"", ""has_text"": true, ""temperature_effective"": 1.0, ""temperature_requested"": 0.3}",,2026-02-20 15:53:42.32487
108,okr_llm_call,ok,"{""mode"": ""structured_json"", ""model"": ""gpt-5-mini"", ""pillar"": ""recovery"", ""run_id"": 1, ""user_id"": 1, ""pillar_result_id"": 4, ""assess_session_id"": 1, ""temperature_effective"": 1.0, ""temperature_requested"": 0.2}",,2026-02-20 15:53:42.378609
109,okr_llm_success,ok,"{""mode"": ""structured_json"", ""model"": ""gpt-5-mini"", ""pillar"": ""recovery"", ""run_id"": 1, ""user_id"": 1, ""kr_count"": 3, ""has_objective"": true, ""pillar_result_id"": 4, ""assess_session_id"": 1, ""temperature_effective"": 1.0, ""temperature_requested"": 0.2}",,2026-02-20 15:53:59.661034
110,dashboard_html_start,ok,"{""run_id"": 1}",,2026-02-20 15:54:19.343489
111,okr_link_inputs,ok,"{""run_id"": 1, ""user_id"": 1, ""orm_models"": true, ""assess_session_id"": null}",,2026-02-20 15:54:19.398984
112,okr_obj_select,ok,"{""by"": ""orm_owner_user_id"", ""rows"": 4, ""run_id"": 1}",,2026-02-20 15:54:19.450734
113,okr_kr_orm_source,ok,"{""via"": ""relationship"", ""run_id"": 1, ""objectives"": 4}",,2026-02-20 15:54:19.475308
114,okr_fetch_structured_summary,ok,"{""run_id"": 1, ""has_okrs"": true, ""objectives"": 4}",,2026-02-20 15:54:19.487519
115,dashboard_html_start,ok,"{""run_id"": 1}",,2026-02-20 15:55:10.920352
116,okr_link_inputs,ok,"{""run_id"": 1, ""user_id"": 1, ""orm_models"": true, ""assess_session_id"": null}",,2026-02-20 15:55:10.973897
117,okr_obj_select,ok,"{""by"": ""orm_owner_user_id"", ""rows"": 4, ""run_id"": 1}",,2026-02-20 15:55:11.009873
118,okr_kr_orm_source,ok,"{""via"": ""relationship"", ""run_id"": 1, ""objectives"": 4}",,2026-02-20 15:55:11.034872
119,okr_fetch_structured_summary,ok,"{""run_id"": 1, ""has_okrs"": true, ""objectives"": 4}",,2026-02-20 15:55:11.04749
120,dashboard_html_start,ok,"{""run_id"": 1}",,2026-02-20 15:55:11.145139
121,okr_link_inputs,ok,"{""run_id"": 1, ""user_id"": 1, ""orm_models"": true, ""assess_session_id"": null}",,2026-02-20 15:55:11.197567
122,okr_obj_select,ok,"{""by"": ""orm_owner_user_id"", ""rows"": 4, ""run_id"": 1}",,2026-02-20 15:55:11.228598
123,okr_kr_orm_source,ok,"{""via"": ""relationship"", ""run_id"": 1, ""objectives"": 4}",,2026-02-20 15:55:11.254972
124,okr_fetch_structured_summary,ok,"{""run_id"": 1, ""has_okrs"": true, ""objectives"": 4}",,2026-02-20 15:55:11.271547